{"schemaVersion":"1.0","appDefinitionTemplate":{"id":"/providers/Microsoft.PowerApps/apps/","type":"Microsoft.PowerApps/apps","tags":{"primaryDeviceWidth":"640","primaryDeviceHeight":"1136","sienaVersion":"20210504T071937Z-3.21043.23.0","deviceCapabilities":"","supportsPortrait":"true","supportsLandscape":"false","primaryFormFactor":"Phone","publisherVersion":"3.21043.23","minimumRequiredApiVersion":"2.2.0","hasComponent":"false","hasUnlockedComponent":"false","isUnifiedRootApp":"false"},"properties":{"appVersion":"2021-05-04T07:19:37Z","lifeCycleId":"Published","createdByClientVersion":{"major":3,"minor":21043,"build":23,"revision":0,"majorRevision":0,"minorRevision":0},"minClientVersion":{"major":3,"minor":21043,"build":23,"revision":0,"majorRevision":0,"minorRevision":0},"backgroundColor":"rgba(0, 176, 240, 1)","backgroundImageUri":"/16826998293182011982/N2dc0207d-97a9-448c-89fa-d0d22b53c081-logoSmallFile","displayName":"pruebaexportar","description":"","commitMessage":"","appUris":{"documentUri":{"value":"/16826998293182011982/N8806efc7-a700-4b75-b14f-f5ae631e1259-document.msapp"},"imageUris":[]},"createdTime":"0001-01-01T00:00:00Z","lastModifiedTime":"0001-01-01T00:00:00Z","sharedGroupsCount":0,"sharedUsersCount":0,"icons":{"smallIconUri":"/16826998293182011982/N27973974-98a9-4d98-a470-587e6416932b-small.png","mediumIconUri":"/16826998293182011982/N6ffbefa4-09ad-4482-866d-8f6d232ee78d-medium.png","largeIconUri":"/16826998293182011982/N24d5d47d-9a89-42a4-9f53-f4b0b742dc7b-large.png","wideIconUri":"/16826998293182011982/N475295b2-ea73-4dcf-b658-0f429d3fa036-wide.png"},"connectionReferences":{"6dd92f8c-5664-47ae-af21-0fc425e14273":{"id":"faca0be5-a45d-462b-91f6-105e9ec80268","displayName":"Excel","iconUri":"https://connectoricons-prod.azureedge.net/releases/v1.0.1463/1.0.1463.2403/excel/icon.png","dataSources":["Tabla1"],"dependencies":["0bb3daef-661a-452c-9b38-35dd1771e128"],"dependents":[],"parameterHints":{"0bb3daef-661a-452c-9b38-35dd1771e128":{"value":"fileSource"}},"isOnPremiseConnection":false,"dataSets":{"b!Uisx4ATzvEOl-1DYjYW5XCiJQvfMhdNKrbbJtE--uV9bGrt6TqDoRKGv2YiPYbcq.01DRVBUW3L7JPAXAAEFNFJAEKYDOPXRQO5":{"dataSources":{"Tabla1":{"tableName":"Tabla1"}}}},"apiTier":"Standard","isCustomApiConnection":false},"0bb3daef-661a-452c-9b38-35dd1771e128":{"id":"5d08bbe8-7477-4446-b89b-dc0e2d4e9391","displayName":"OneDrive para la Empresa","iconUri":"https://connectoricons-prod.azureedge.net/releases/v1.0.1464/1.0.1464.2404/onedriveforbusiness/icon.png","dataSources":[],"dependencies":[],"dependents":["6dd92f8c-5664-47ae-af21-0fc425e14273"],"parameterHints":{},"isOnPremiseConnection":false,"dataSets":{},"apiTier":"Standard","isCustomApiConnection":false}},"databaseReferences":{},"almMode":"Environment","performanceOptimizationEnabled":true,"canConsumeAppPass":true,"executionRestrictions":{"isTeamsOnly":false,"dataLossPreventionEvaluationResult":{"status":"Compliant","lastEvaluationDate":"2021-05-04T07:19:47.7741764Z","violationDetails":[]}}},"isAppComponentLibrary":false,"appType":"ClassicCanvasApp","appComponents":[]}}