{"schemaVersion":"1.0","appDefinitionTemplate":{"id":"/providers/Microsoft.PowerApps/apps/","type":"Microsoft.PowerApps/apps","tags":{"primaryDeviceWidth":"640","primaryDeviceHeight":"1136","sienaVersion":"20210421T113636Z-3.21041.29.0","deviceCapabilities":"","supportsPortrait":"true","supportsLandscape":"false","primaryFormFactor":"Phone","publisherVersion":"3.21041.29","minimumRequiredApiVersion":"2.2.0","hasComponent":"false","hasUnlockedComponent":"false","isUnifiedRootApp":"false"},"properties":{"appVersion":"2021-04-21T11:36:36Z","lifeCycleId":"Published","createdByClientVersion":{"major":3,"minor":21041,"build":29,"revision":0,"majorRevision":0,"minorRevision":0},"minClientVersion":{"major":3,"minor":21041,"build":29,"revision":0,"majorRevision":0,"minorRevision":0},"backgroundColor":"rgba(0, 176, 240, 1)","backgroundImageUri":"/10754908183523594918/Nbe98bc9d-da55-427b-bbe2-258585af32f3-logoSmallFile","displayName":"Morning Coffee","description":"","commitMessage":"","appUris":{"documentUri":{"value":"/10754908183523594918/N51d0af5f-89c2-43f8-bdbb-a005e9010be2-document.msapp"},"imageUris":[]},"createdTime":"0001-01-01T00:00:00Z","lastModifiedTime":"0001-01-01T00:00:00Z","sharedGroupsCount":0,"sharedUsersCount":0,"icons":{"smallIconUri":"/10754908183523594918/Neea07015-fba4-440c-bbc9-1fd7e1a5c10c-small.png","mediumIconUri":"/10754908183523594918/N2059cd8f-988c-42c6-8111-311b85f0ef76-medium.png","largeIconUri":"/10754908183523594918/Ncda860de-b213-4dbf-b9f4-bc3018518d38-large.png","wideIconUri":"/10754908183523594918/N9f1f7a1e-8b1b-4c3b-bb00-2dd8e2a7deab-wide.png"},"connectionReferences":{},"databaseReferences":{},"almMode":"Environment","performanceOptimizationEnabled":true,"canConsumeAppPass":true,"executionRestrictions":{"isTeamsOnly":false,"dataLossPreventionEvaluationResult":{"status":"Compliant","lastEvaluationDate":"2021-04-21T11:36:47.018924Z","violationDetails":[]}}},"isAppComponentLibrary":false,"appType":"ClassicCanvasApp","appComponents":[]}}