{"schemaVersion":"1.0","appDefinitionTemplate":{"id":"/providers/Microsoft.PowerApps/apps/","type":"Microsoft.PowerApps/apps","tags":{"primaryDeviceWidth":"640","primaryDeviceHeight":"1136","sienaVersion":"20210421T113636Z-3.21041.29.0","deviceCapabilities":"","supportsPortrait":"true","supportsLandscape":"false","primaryFormFactor":"Phone","publisherVersion":"3.21041.29","minimumRequiredApiVersion":"2.2.0","hasComponent":"false","hasUnlockedComponent":"false","isUnifiedRootApp":"false"},"properties":{"appVersion":"2021-04-21T11:36:36Z","lifeCycleId":"Published","createdByClientVersion":{"major":3,"minor":21041,"build":29,"revision":0,"majorRevision":0,"minorRevision":0},"minClientVersion":{"major":3,"minor":21041,"build":29,"revision":0,"majorRevision":0,"minorRevision":0},"backgroundColor":"rgba(0, 176, 240, 1)","backgroundImageUri":"/10754908183523594918/N6480854a-894a-498f-8d33-2e225d5f9bea-logoSmallFile","displayName":"Morning Coffee","description":"","commitMessage":"","appUris":{"documentUri":{"value":"/10754908183523594918/Nbca4ce1e-1442-4787-aae6-3a9b95193ce0-document.msapp"},"imageUris":[]},"createdTime":"0001-01-01T00:00:00Z","lastModifiedTime":"0001-01-01T00:00:00Z","sharedGroupsCount":0,"sharedUsersCount":0,"icons":{"smallIconUri":"/10754908183523594918/Nf0f957c1-7f09-4b23-ab9a-4cbdf5c098d0-small.png","mediumIconUri":"/10754908183523594918/Nad9dc3c7-634e-4fbc-aecd-1cd434d4cdc9-medium.png","largeIconUri":"/10754908183523594918/N688ee5dc-e59a-4009-a77a-e7cfb365b3af-large.png","wideIconUri":"/10754908183523594918/N6a54d8c9-d485-42e6-bcf6-14b33cdf9e76-wide.png"},"connectionReferences":{},"databaseReferences":{},"almMode":"Environment","performanceOptimizationEnabled":true,"canConsumeAppPass":true,"executionRestrictions":{"isTeamsOnly":false,"dataLossPreventionEvaluationResult":{"status":"Compliant","lastEvaluationDate":"2021-04-21T11:36:47.018924Z","violationDetails":[]}}},"isAppComponentLibrary":false,"appType":"ClassicCanvasApp","appComponents":[]}}