{"schemaVersion":"1.0","appDefinitionTemplate":{"id":"/providers/Microsoft.PowerApps/apps/","type":"Microsoft.PowerApps/apps","tags":{"primaryDeviceWidth":"640","primaryDeviceHeight":"1136","sienaVersion":"20210428T083617Z-3.21041.29.0","deviceCapabilities":"","supportsPortrait":"true","supportsLandscape":"false","primaryFormFactor":"Phone","publisherVersion":"3.21041.29","minimumRequiredApiVersion":"2.2.0","hasComponent":"false","hasUnlockedComponent":"false","isUnifiedRootApp":"false"},"properties":{"appVersion":"2021-04-28T08:36:17Z","lifeCycleId":"Published","createdByClientVersion":{"major":3,"minor":21041,"build":29,"revision":0,"majorRevision":0,"minorRevision":0},"minClientVersion":{"major":3,"minor":21041,"build":29,"revision":0,"majorRevision":0,"minorRevision":0},"backgroundColor":"rgba(0, 176, 240, 1)","backgroundImageUri":"/3869487122265993163/N196d754a-f978-4ef9-b3fb-7522a6524ff3-logoSmallFile","displayName":"Morning Coffee 1","description":"","commitMessage":"","appUris":{"documentUri":{"value":"/3869487122265993163/Nca5872d7-0a0b-407f-b708-82473872a388-document.msapp"},"imageUris":[]},"createdTime":"0001-01-01T00:00:00Z","lastModifiedTime":"0001-01-01T00:00:00Z","sharedGroupsCount":0,"sharedUsersCount":0,"icons":{"smallIconUri":"/3869487122265993163/N96fb1b4c-1764-4067-bf33-03dda71d6863-small.png","mediumIconUri":"/3869487122265993163/N3e19ac42-99ca-4d82-8852-c4d1bfd4fd6a-medium.png","largeIconUri":"/3869487122265993163/Nefe4c6e6-6fd5-40af-8763-2561f3a6ec69-large.png","wideIconUri":"/3869487122265993163/Ne82d1140-dd3d-4f99-9425-550d442cadad-wide.png"},"connectionReferences":{},"databaseReferences":{},"almMode":"Environment","performanceOptimizationEnabled":true,"canConsumeAppPass":true,"executionRestrictions":{"isTeamsOnly":false,"dataLossPreventionEvaluationResult":{"status":"Compliant","lastEvaluationDate":"2021-04-28T08:36:27.6693751Z","violationDetails":[]}}},"isAppComponentLibrary":false,"appType":"ClassicCanvasApp","appComponents":[]}}